{"engineId":"b56f3ef8-8f40-4580-8d6b-2723f9e7dd16","engineName":"MovieDatabase","rdbmsId":"bbd28e14-c812-4b89-9803-1464ff6bd446","varstore":{},"frames":[{"file":"@BaseFolder@\\db\\@ENGINE@\\version\\bbd28e14-c812-4b89-9803-1464ff6bd446\\FRAME.gz","meta":"@BaseFolder@\\db\\@ENGINE@\\version\\bbd28e14-c812-4b89-9803-1464ff6bd446\\METADATA__FRAME.owl","state":null,"type":"prerna.ds.rdbms.h2.H2Frame","name":"FRAME","keys":["$CUR_FRAME_KEY","FRAME"]}],"panels":[{"panelId":"0","panelLabel":null,"view":"visualization","viewOptions":null,"viewOptionsMap":{},"config":{},"ornaments":{},"events":{},"comments":{},"position":{},"filters":[],"order":[],"cbv":[]}],"tasks":{"tasks":[{"type":"basic","task":{"taskType":"basic","id":"task1","numCollected":500,"internalOffset":0,"taskOptions":"{\"options\":{\"0\":{\"layout\":\"Grid\",\"alignment\":{\"label\":[\"DomesticRevenue\",\"InternationalRevenue\",\"MovieBudget\",\"RottenTomatoesAudience\",\"RottenTomatoesCritics\",\"Title\"]}}},\"ornament\":false}","qs":{"qsType":"FRAME","frameName":"FRAME","isDistinct":true,"overrideImplicit":false,"limit":500,"offset":0,"relations":"[]","selectors":[{"type":"COLUMN","content":{"table":"FRAME","column":"DomesticRevenue","alias":"DomesticRevenue","tableAlias":null}},{"type":"COLUMN","content":{"table":"FRAME","column":"InternationalRevenue","alias":"InternationalRevenue","tableAlias":null}},{"type":"COLUMN","content":{"table":"FRAME","column":"MovieBudget","alias":"MovieBudget","tableAlias":null}},{"type":"COLUMN","content":{"table":"FRAME","column":"RottenTomatoesAudience","alias":"RottenTomatoesAudience","tableAlias":null}},{"type":"COLUMN","content":{"table":"FRAME","column":"RottenTomatoesCritics","alias":"RottenTomatoesCritics","tableAlias":null}},{"type":"COLUMN","content":{"table":"FRAME","column":"Title","alias":"Title","tableAlias":null}}]}}}],"taskCounter":2},"recipe":["AddPanel ( 0 ) ;","Panel ( 0 ) | SetPanelView ( \"visualization\" ) ;","CreateFrame ( grid ) .as ( [ FRAME ] ) ;","Database ( \"b56f3ef8-8f40-4580-8d6b-2723f9e7dd16\" ) | SelectTable ( Title ) | Limit ( 500 ) | Import ( ) ;","Frame ( ) | QueryAll ( ) | AutoTaskOptions ( panel = [ \"0\" ] , layout = [ \"GRID\" ] ) | Collect ( 500 ) ;"]}