{"engineId":"b56f3ef8-8f40-4580-8d6b-2723f9e7dd16","engineName":"MovieDatabase","rdbmsId":"2d1a4bf0-a1c4-46ac-88f2-4148104e99b8","varstore":{},"frames":[{"file":"@BaseFolder@\\db\\@ENGINE@\\version\\2d1a4bf0-a1c4-46ac-88f2-4148104e99b8\\FRAME.gz","meta":"@BaseFolder@\\db\\@ENGINE@\\version\\2d1a4bf0-a1c4-46ac-88f2-4148104e99b8\\METADATA__FRAME.owl","state":null,"type":"prerna.ds.rdbms.h2.H2Frame","name":"FRAME","keys":["$CUR_FRAME_KEY","FRAME"]}],"panels":[{"panelId":"0","panelLabel":null,"view":"visualization","viewOptions":null,"viewOptionsMap":{},"config":{},"ornaments":{},"events":{},"comments":{},"position":{},"filters":[],"order":[],"cbv":[]}],"tasks":{"tasks":[{"type":"basic","task":{"taskType":"basic","id":"task1","numCollected":500,"internalOffset":0,"taskOptions":"{\"options\":{\"0\":{\"layout\":\"Grid\",\"alignment\":{\"label\":[\"Genre\",\"Title_FK\"]}}},\"ornament\":false}","qs":{"qsType":"FRAME","frameName":"FRAME","isDistinct":true,"overrideImplicit":false,"limit":500,"offset":0,"relations":"[]","selectors":[{"type":"COLUMN","content":{"table":"FRAME","column":"Genre","alias":"Genre","tableAlias":null}},{"type":"COLUMN","content":{"table":"FRAME","column":"Title_FK","alias":"Title_FK","tableAlias":null}}]}}}],"taskCounter":2},"recipe":["AddPanel ( 0 ) ;","Panel ( 0 ) | SetPanelView ( \"visualization\" ) ;","CreateFrame ( grid ) .as ( [ FRAME ] ) ;","Database ( \"b56f3ef8-8f40-4580-8d6b-2723f9e7dd16\" ) | SelectTable ( Genre ) | Limit ( 500 ) | Import ( ) ;","Frame ( ) | QueryAll ( ) | AutoTaskOptions ( panel = [ \"0\" ] , layout = [ \"GRID\" ] ) | Collect ( 500 ) ;"]}