{"insightID":"3ae882ff-b783-436e-b510-e02776730c5b","pixelReturn":[{"pixelExpression":"CachedPanel ( \"0\" ) ;","isMeta":false,"output":{"panelId":"0","view":"visualization","viewOptionsMap":{},"config":{},"ornaments":{},"events":{},"comments":{},"position":{},"filters":[],"order":[],"cbv":[]},"operationType":["CACHED_PANEL"]},{"pixelExpression":"Frame ( ) | QueryAll ( ) | AutoTaskOptions ( panel = [ \"0\" ] , layout = [ \"GRID\" ] ) | Collect ( 500 ) ;","isMeta":false,"output":{"data":{"values":[["Action_-_Adventure","From_Paris_with_Love"],["Action_-_Adventure","Lone_Survivor"],["Action_-_Adventure","Serenity"],["Action_-_Adventure","Warrior"],["Action_-_Adventure","The_Legend_of_Zorro"],["Action_-_Adventure","Oz_The_Great_and_Powerful"],["Action_-_Adventure","The_Iron_Giant"],["Action_-_Adventure","Life_of_Pi"],["Action_-_Adventure","Appaloosa"],["Action_-_Adventure","Max_Keebles_Big_Move"],["Action_-_Adventure","47_Ronin"],["Action_-_Adventure","Boys_Dont_Cry"],["Action_-_Adventure","Pacific_Rim"],["Action_-_Adventure","The_Country_Bears"],["Action_-_Adventure","The_Hunger_Games:_Catching_Fire"],["Action_-_Adventure","Spider-Man_3"],["Action_-_Adventure","Savng_Private_Ryan"],["Action_-_Adventure","Letters_from_Iwo_Jima"],["Action_-_Adventure","Town_&_Country"],["Action_-_Adventure","Eight_Below"],["Action_-_Adventure","Beastly"],["Action_-_Adventure","Prometheus"],["Action_-_Adventure","Enders_Game"],["Action_-_Adventure","A_good_Day_to_Die_Hard"],["Action_-_Adventure","Supercop"],["Action_-_Adventure","The_Chronicles_of_Riddick"],["Action_-_Adventure","Machete_Kills"],["Action_-_Adventure","Super_8"],["Action_-_Adventure","In_the_Bedroom"],["Action_-_Adventure","Inkheart"],["Action_-_Adventure","The_Lord_of_the_Rings:_The_Two_Towers"],["Action_-_Adventure","The_Hurt_Locker"],["Action_-_Adventure","The_Man_With_the_Iron_Fists"],["Action_-_Adventure","Shooter"],["Action_-_Adventure","Contagion"],["Action_-_Adventure","Red_Planet"],["Action_-_Adventure","The_Mod_Squad"],["Action_-_Adventure","Dragonball_Evolution"],["Action_-_Adventure","Kama_Sutra:_A_Tale_of_Love"],["Action_-_Adventure","Brokeback_Mountain"],["Action_-_Adventure","XXX"],["Action_-_Adventure","Green_Lantern"],["Action_-_Adventure","Scary_Movie"],["Action_-_Adventure","The_Thing"],["Action_-_Adventure","Captain_America:_The_First_Avenger"],["Action_-_Adventure","Soldier"],["Action_-_Adventure","True_Grit"],["Action_-_Adventure","The_Substitute"],["Action_-_Adventure","Chocolat"],["Action_-_Adventure","Battle:_Los_Angeles"],["Action_-_Adventure","Hulk"],["Action_-_Adventure","The_Losers"],["Action_-_Adventure","Nims_Island"],["Action_-_Adventure","Miami_Vice"],["Action_-_Adventure","Bridge_to_Terabithia"],["Action_-_Adventure","Master_and_Commander:_The_Far_Side_of_the_World"],["Action_-_Adventure","The_Hobbit:_An_Unexpected_Journey"],["Action_-_Adventure","Avatar"],["Action_-_Adventure","After_Earth"],["Action_-_Adventure","Spirited_Away"],["Action_-_Adventure","Star_Trek_Into_Darkness"],["Action_-_Adventure","Inception"],["Action_-_Adventure","The_Hours"],["Action_-_Adventure","Max_Payne"],["Action_-_Adventure","The_Lord_of_the_Rings:_The_Return_of_the_King"],["Action_-_Adventure","War_Horse"],["Action_-_Adventure","Seven_Psychopaths"],["Action_-_Adventure","District_9"],["Action_-_Adventure","Cowboys_and_Aliens"],["Action_-_Adventure","Life_is_Beautiful"],["Action_-_Adventure","Flags_of_Our_Fathers"],["Action_-_Adventure","The_Sorcerers_Apprentice"],["Action_-_Adventure","Inglourious_Basterds"],["Action_-_Adventure","Jonah_Hex"],["Action_-_Adventure","The_Matrix_Reloaded"],["Action_-_Adventure","Watchmen"],["Action_-_Adventure","Spider-Man"],["Action_-_Adventure","The_Eagle"],["Action_-_Adventure","The_6th_Man"],["Action_-_Adventure","The_Last_Airbender"],["Action_-_Adventure","Harry_Potter_and_the_Deathly_Hallows_Part_1"],["Action_-_Adventure","Ringmaster"],["Action_-_Adventure","Gods_and_Generals"],["Action_-_Adventure","A_Time_to_Kill"],["Action_-_Adventure","Tarzan"],["Action_-_Adventure","Django_Unchained"],["Action_-_Adventure","Kill_Bill_Vol._1"],["Action_-_Adventure","Cant_Hardly_Wait"],["Action_-_Adventure","Lilo_&_Stitch"],["Action_-_Adventure","Homefront"],["Comedy_-_Musical","Herbie:_Fully_Loaded"],["Comedy_-_Musical","Twin_Dragons"],["Comedy_-_Musical","Great_Expectations"],["Comedy_-_Musical","Arthur"],["Comedy_-_Musical","Shaun_of_the_Dead"],["Comedy_-_Musical","Get_Over_It"],["Comedy_-_Musical","200_Cigarettes"],["Comedy_-_Musical","A_Mighty_Wind"],["Comedy_-_Musical","The_Benchwarmers"],["Comedy_-_Musical","Traffic"],["Comedy_-_Musical","Jack_Frost"],["Comedy_-_Musical","Road_Trip"],["Comedy_-_Musical","John_Tucker_Must_Die"],["Comedy_-_Musical","Extract"],["Comedy_-_Musical","The_Ugly_Truth"],["Comedy_-_Musical","Collateral_Damage"],["Comedy_-_Musical","The_Thin_Red_Line"],["Comedy_-_Musical","Clockstoppers"],["Comedy_-_Musical","Mean_Girls"],["Comedy_-_Musical","Alaska"],["Comedy_-_Musical","MIB_3"],["Comedy_-_Musical","Knight_&_Day"],["Comedy_-_Musical","Semi-Pro"],["Comedy_-_Musical","17_Again"],["Comedy_-_Musical","Joyful_Noise"],["Comedy_-_Musical","The_Way,_Way_Back"],["Comedy_-_Musical","Midnight_in_the_Garden_of_Good_and_Evil"],["Comedy_-_Musical","Abandon"],["Comedy_-_Musical","Where_the_Heart_Is"],["Comedy_-_Musical","Don_Jon"],["Comedy_-_Musical","Freaky_Friday"],["Comedy_-_Musical","Light_it_Up"],["Comedy_-_Musical","Admission"],["Comedy_-_Musical","What_to_Expect_When_Youre_Expecting"],["Comedy_-_Musical","Silver_Linings_Playbook"],["Comedy_-_Musical","The_Dilemma"],["Comedy_-_Musical","Something_Borrowed"],["Comedy_-_Musical","Space_Cowboys"],["Comedy_-_Musical","Ransom"],["Comedy_-_Musical","The_World_Is_Not_Enough"],["Comedy_-_Musical","Jennifers_Body"],["Comedy_-_Musical","Heavens_Prisoners"],["Comedy_-_Musical","The_Lord_of_the_Rings:_The_Fellowship_of_the_Ring"],["Comedy_-_Musical","Lucky_Numbers"],["Comedy_-_Musical","Bernie"],["Comedy_-_Musical","Baggage_Claim"],["Comedy_-_Musical","Air_Bud:_Golden_Reciever"],["Comedy_-_Musical","Sideways"],["Comedy_-_Musical","Bend_It_Like_Beckham"],["Comedy_-_Musical","Made_of_Honor"],["Comedy_-_Musical","Think_Like_a_Man"],["Comedy_-_Musical","Midnight_in_Paris"],["Comedy_-_Musical","Kingdom_Come"],["Comedy_-_Musical","Taxi"],["Comedy_-_Musical","Burn_After_Ridiculous"],["Comedy_-_Musical","Next_Day_Air"],["Comedy_-_Musical","No_Strings_Attached"],["Comedy_-_Musical","A_Bugs_Life"],["Comedy_-_Musical","I_Dont_Know_How_She_Does_It"],["Comedy_-_Musical","Monsters,_Inc."],["Comedy_-_Musical","Wedding_Crashers"],["Comedy_-_Musical","This_is_the_End"],["Comedy_-_Musical","Holes"],["Comedy_-_Musical","Larry_Crowne"],["Comedy_-_Musical","Bridesmaids"],["Comedy_-_Musical","Thats_My_Boy"],["Comedy_-_Musical","BRATZ"],["Comedy_-_Musical","Le_Divorce"],["Comedy_-_Musical","Lost_in_Translation"],["Comedy_-_Musical","Along_Came_Polly"],["Comedy_-_Musical","Bread_and_Tulips"],["Comedy_-_Musical","A_Serious_Man"],["Comedy_-_Musical","Year_One"],["Comedy_-_Musical","Sex_Drive"],["Comedy_-_Musical","Last_Vegas"],["Comedy_-_Musical","The_English_Patient"],["Comedy_-_Musical","Anchorman_2:_The_Legend_Continues"],["Comedy_-_Musical","The_Girl_Next_Door"],["Comedy_-_Musical","Bruce_Almighty"],["Comedy_-_Musical","Tyler_Perrys_Madea_Goes_to_Jail"],["Comedy_-_Musical","The_Invention_of_Lying"],["Comedy_-_Musical","Our_Family_Wedding"],["Comedy_-_Musical","Hollow_Man"],["Comedy_-_Musical","Grosse_Pointe_Blank"],["Comedy_-_Musical","Away_We_Go"],["Comedy_-_Musical","That_Darn_Cat"],["Comedy_-_Musical","Grown_Ups_2"],["Comedy_-_Musical","Bad_Teacher"],["Comedy_-_Musical","The_Kids_Are_Alright"],["Comedy_-_Musical","Superhero_Movie"],["Comedy_-_Musical","Vampires_Suck"],["Comedy_-_Musical","Everybodys_Fine"],["Comedy_-_Musical","Rock_of_Ages"],["Comedy_-_Musical","Two_Can_Play_That_Game"],["Comedy_-_Musical","Angel_Eyes"],["Comedy_-_Musical","The_Whole_Ten_Yards"],["Comedy_-_Musical","I_Heart_Huckabees"],["Comedy_-_Musical","Vanilla_Sky"],["Comedy_-_Musical","The_Switch"],["Comedy_-_Musical","Gullivers_Travels"],["Comedy_-_Musical","In_&_Out"],["Comedy_-_Musical","Meet_the_Parents"],["Comedy_-_Musical","Chill_Factor"],["Comedy_-_Musical","Fun_Size"],["Comedy_-_Musical","Titanic"],["Comedy_-_Musical","As_Good_as_It_Gets"],["Comedy_-_Musical","Just_Friends"],["Comedy_-_Musical","The_Worlds_End"],["Comedy_-_Musical","Soul_Plane"],["Comedy_-_Musical","Morning_Glory"],["Comedy_-_Musical","Les_Miserables"],["Comedy_-_Musical","Grown_Ups"],["Comedy_-_Musical","Here_on_Earth"],["Comedy_-_Musical","Eye_of_the_Beholder"],["Comedy_-_Musical","Hitch"],["Comedy_-_Musical","Little_Miss_Sunshine"],["Documentary","Capitalism:_A_Love_Story"],["Drama","Lincoln"],["Drama","Shutter_Island"],["Drama","Hitchcock"],["Drama","The_Blind_Side"],["Drama","Moulin_Rouge!"],["Drama","Dirty_Dancing:_Havana_Nights"],["Drama","Captain_Phillips"],["Drama","Her"],["Drama","The_Pianist"],["Drama","Finding_Neverland"],["Drama","Gosford_Park"],["Drama","Million_Dollar_Baby"],["Drama","Far_From_Heaven"],["Drama","The_Social_Network"],["Drama","Crouching_Tiger,_Hidden_Dragon"],["Drama","50-50"],["Drama","Atonement"],["Drama","The_Artist"],["Drama","Get_Carter"],["Drama","Amazing_Grace"],["Drama","Notorious"],["Drama","Seabiscuit"],["Drama","American_Hustle"],["Drama","The_13th_Warrior"],["Drama","Fruitvale_Station"],["Drama","Erin_Brokovich"],["Drama","Slumdog_Millionaire"],["Drama","12_Years_a_Slave"],["Drama","Jerry_Maguire"],["Drama","Shakespeare_in_Love"],["Drama","Screamers"],["Drama","Up_in_the_Air"],["Drama","Beasts_of_the_Southern_Wild"],["Drama","SwimFan"],["Drama","The_Story_of_Us"],["Drama","No_Country_for_Old_Men"],["Drama","Dougs_First_Movie"],["Drama","American_Beauty"],["Drama","Amour"],["Drama","Extremely_Loud_and_Incredibly_Close"],["Drama","Crash"],["Drama","Two_Weeks_Notice"],["Drama","The_Place_Beyond_the_Pines"],["Drama","The_Full_Monty"],["Drama","Gangs_of_New_York"],["Drama","The_Queen"],["Drama","Country_Strong"],["Drama","Secrets_&_Lies"],["Drama","127_Hours"],["Drama","Beverly_Hills_Ninja"],["Drama","The_Terminal"],["Drama","The_Book_Thief"],["Drama","Fame"],["Drama","The_Secret_Life_of_Bees"],["Drama","The_Wrestler"],["Drama","Secretariat"],["Drama","The_Twilight_Saga:_Eclipse"],["Drama","Tyler_Perrys_I_Can_Do_Bad_All_By_Myself"],["Drama","W."],["Drama","Black_Dog"],["Drama","Moneyball"],["Drama","People_Like_Us"],["Drama","Tyler_Perrys_Good_Deeds"],["Drama","The_Parent_Trap"],["Drama","Mystic_River"],["Drama","The_Last_Song"],["Drama","Trouble_with_the_Curve"],["Drama","The_Fighter"],["Drama","The_Boy_in_the_Striped_Pajamas"],["Drama","The_Postman"],["Drama","Eat_Pray_Love"],["Drama","A_Simple_Plan"],["Drama","Elizabeth"],["Drama","The_Help"],["Drama","The_Mexican"],["Drama","Tears_of_the_Sun"],["Drama","The_Reader"],["Drama","Oceans_Eleven"],["Drama","Remember_Me"],["Drama","Babel"],["Drama","Precious"],["Drama","Blue_Valentine"],["Drama","All_is_Lost"],["Drama","Becoming_Jane"],["Drama","ATL"],["Drama","The_Gospel"],["Drama","Charlie_St._Cloud"],["Drama","Kolya"],["Drama","Juno"],["Drama","The_Visitor"],["Drama","The_Curious_Case_of_Benjamin_Button"],["Drama","Gladiator"],["Drama","Winters_Bone"],["Drama","Loser"],["Drama","The_Great_Debaters"],["Drama","Philomena"],["Drama","Chicago"],["Drama","The_Departed"],["Drama","Good_Night,_and_Good_Luck"],["Drama","A_Beautiful_Mind"],["Drama","Nebraska"],["Drama","Invincible"],["Drama","Foolish"],["Drama","Karate_Kid"],["Drama","Milk"],["Drama","Girl_With_a_Pearl_Earring"],["Drama","The_Kings_Speech"],["Drama","Frost-Nixon"],["Drama","The_Tree_of_Life"],["Drama","The_Master"],["Drama","The_Wolf_of_Wall_Street"],["Drama","Capote"],["Drama","Fargo"],["Drama","Lords_of_Dogtown"],["Drama","There_Will_Be_Blood"],["Drama","A_Separation"],["Drama","Good_Will_Hunting"],["Drama","Armageddon"],["Drama","Ghosts_of_Mississippi"],["Drama","The_Aviator"],["Drama","An_Education"],["Drama","The_Cider_House_Rules"],["Drama","Kull_the_Conqueror"],["Drama","Black_Swan"],["Drama","Saving_Mr._Banks"],["Drama","Scream_2"],["Drama","American_History_X"],["Drama","Salmon_Fishing_in_the_Yemen"],["Drama","Ray"],["Drama","The_Descendants"],["Drama","Dallas_Buyers_Club"],["Family_-_Animation","Bride_of_Chucky"],["Family_-_Animation","The_Jackal"],["Family_-_Animation","Bringing_Out_the_Dead"],["Family_-_Animation","Fantastic_Mr._Fox"],["Family_-_Animation","The_League_of_Extraordinary_Gentlemen"],["Family_-_Animation","Curious_George"],["Family_-_Animation","American_Outlaws"],["Family_-_Animation","Return_to_Paradise"],["Family_-_Animation","Chicken_Little"],["Family_-_Animation","How_To_Eat_Fried_Worms"],["Family_-_Animation","Eves_Bayou"],["Family_-_Animation","The_Sixth_Sense"],["Family_-_Animation","Romeo_+_Juliet"],["Family_-_Animation","Hugo"],["Family_-_Animation","Shark_Tale"],["Family_-_Animation","The_Emperors_Club"],["Family_-_Animation","Brave"],["Family_-_Animation","The_Tale_of_Despereaux"],["Family_-_Animation","The_Triplets_of_Belleville"],["Family_-_Animation","Up"],["Family_-_Animation","Winnie_the_Pooh"],["Family_-_Animation","Payback"],["Family_-_Animation","Astro_Boy"],["Family_-_Animation","Catch_that_Kid"],["Family_-_Animation","Mary_Reilly"],["Family_-_Animation","Tangled"],["Family_-_Animation","Wreck-It_Ralph"],["Family_-_Animation","Harts_War"],["Family_-_Animation","Fly_Away_Home"],["Family_-_Animation","Lethal_Weapon_4"],["Family_-_Animation","Toy_Story_3"],["Family_-_Animation","Spy_Kids"],["Family_-_Animation","Frankenweenie"],["Family_-_Animation","The_Smurfs"],["Thriller_-_Horror","The_Darkest_Hour"],["Thriller_-_Horror","Friday_the_13th"],["Thriller_-_Horror","Lakeview_Terrace"],["Thriller_-_Horror","Zero_Dark_Thirty"],["Thriller_-_Horror","The_Insider"],["Thriller_-_Horror","The_Ring_Two"],["Thriller_-_Horror","Cry_Wolf"],["Thriller_-_Horror","The_Replacements"],["Thriller_-_Horror","Resident_Evil:_Afterlife"],["Thriller_-_Horror","Mr._Brooks"],["Thriller_-_Horror","The_Haunting_in_Connecticut"],["Thriller_-_Horror","Breakdown"],["Thriller_-_Horror","Dead_Silence"],["Thriller_-_Horror","Death_Sentence"],["Thriller_-_Horror","Case_39"],["Thriller_-_Horror","Cabin_in_the_Woods"],["Thriller_-_Horror","The_Nutty_Professor_II:_The_Klumps"],["Thriller_-_Horror","Gravity"],["Thriller_-_Horror","The_Raven"],["Thriller_-_Horror","Ultraviolet"],["Thriller_-_Horror","Gamer"],["Thriller_-_Horror","Dark_Water"],["Thriller_-_Horror","Underworld:_Rise_of_the_Lycans"],["Thriller_-_Horror","L.A._Confidential"],["Thriller_-_Horror","The_International"],["Thriller_-_Horror","The_Grudge_2"],["Thriller_-_Horror","Final_Destination_5"],["Thriller_-_Horror","16_Blocks"],["Thriller_-_Horror","Edge_of_Darkness"],["Thriller_-_Horror","Mother"],["Thriller_-_Horror","Open_Water"],["Thriller_-_Horror","Argo"],["Thriller_-_Horror","An_American_Haunting"],["Thriller_-_Horror","Push"],["Thriller_-_Horror","The_Uninvited"],["Thriller_-_Horror","The_Amityville_Horror"],["Thriller_-_Horror","Wolf_Creek"],["Thriller_-_Horror","The_Last_House_on_the_Left"],["Thriller_-_Horror","The_Green_Mile"],["Thriller_-_Horror","The_Texas_Chainsaw_Massacre:_The_Beginning"],["Thriller_-_Horror","The_Closet"],["Thriller_-_Horror","Gone"],["Thriller_-_Horror","The_Wicker_Man"],["Thriller_-_Horror","Contraband"],["Thriller_-_Horror","Aliens_Vs._Predator_-_Requiem"],["Thriller_-_Horror","The_Girl_Who_Played_with_Fire"],["Thriller_-_Horror","The_Mist"],["Thriller_-_Horror","Blade:_Trinity"],["Thriller_-_Horror","The_Taking_of_Pelham_1_2_3"],["Thriller_-_Horror","Shark_Night_3D"],["Thriller_-_Horror","Primeval"],["Thriller_-_Horror","Celtic_Pride"],["Thriller_-_Horror","The_Next_Three_Days"],["Thriller_-_Horror","Shine"],["Thriller_-_Horror","Munich"],["Thriller_-_Horror","A_Perfect_Getaway"],["Thriller_-_Horror","Hercules"],["Thriller_-_Horror","Michael_Clayton"],["Thriller_-_Horror","The_Recruit"],["Thriller_-_Horror","Small_Time_Crooks"],["Thriller_-_Horror","The_Associate"],["Thriller_-_Horror","Legion"],["Thriller_-_Horror","John_Carpenters_Ghosts_of_Mars"],["Thriller_-_Horror","Showtime"],["Thriller_-_Horror","Beavis_and_Butt-head_Do_America"],["Thriller_-_Horror","The_Hills_Have_Eyes_2"],["Thriller_-_Horror","Two_for_the_Money"],["Thriller_-_Horror","The_Messengers"],["Thriller_-_Horror","The_Good_Girl"]],"headers":["Genre","Title_FK"],"rawHeaders":["GENRE","TITLE_FK"]},"headerInfo":[{"alias":"Genre","header":"FRAME__Genre","type":"STRING","derived":false},{"alias":"Title_FK","header":"FRAME__Title_FK","type":"STRING","derived":false}],"sortInfo":[],"numRows":441,"sources":[{"name":"FRAME","type":"FRAME"}],"numCollected":500,"taskOptions":{"0":{"layout":"Grid","alignment":{"label":["Genre","Title_FK"]}}},"format":{"type":"TABLE"},"filterInfo":[],"taskId":"task1"},"operationType":["TASK_DATA"]}]}